C:\Users\au309263\Desktop\THUL-01_VIA\THUL-01_000408.JPG,3858,917,4110,1148,Flower_01
C:\Users\au309263\Desktop\THUL-01_VIA\THUL-01_000408.JPG,3576,1723,3778,1917,Flower_02
C:\Users\au309263\Desktop\THUL-01_VIA\THUL-01_000408.JPG,3589,953,3702,1091,Flower_03
C:\Users\au309263\Desktop\THUL-01_VIA\THUL-01_000410.JPG,3862,931,4114,1162,Flower_01
C:\Users\au309263\Desktop\THUL-01_VIA\THUL-01_000410.JPG,3590,1745,3792,1939,Flower_02
C:\Users\au309263\Desktop\THUL-01_VIA\THUL-01_000410.JPG,3593,959,3706,1097,Flower_03
C:\Users\au309263\Desktop\THUL-01_VIA\THUL-01_000415.JPG,3882,996,4134,1244,Flower_01
C:\Users\au309263\Desktop\THUL-01_VIA\THUL-01_000415.JPG,3528,1736,3749,1953,Flower_02
C:\Users\au309263\Desktop\THUL-01_VIA\THUL-01_000415.JPG,3576,961,3709,1111,Flower_03
C:\Users\au309263\Desktop\THUL-01_VIA\THUL-01_000422.JPG,3843,1019,4110,1286,Flower_01
C:\Users\au309263\Desktop\THUL-01_VIA\THUL-01_000422.JPG,3522,1805,3743,1999,Flower_02
C:\Users\au309263\Desktop\THUL-01_VIA\THUL-01_000422.JPG,3543,982,3703,1147,Flower_03
C:\Users\au309263\Desktop\THUL-01_VIA\THUL-01_000427.JPG,3862,950,4116,1188,Flower_01
C:\Users\au309263\Desktop\THUL-01_VIA\THUL-01_000427.JPG,3559,1730,3780,1947,Flower_02
C:\Users\au309263\Desktop\THUL-01_VIA\THUL-01_000427.JPG,3545,915,3728,1096,Flower_03
C:\Users\au309263\Desktop\THUL-01_VIA\THUL-01_000428.JPG,3849,979,4116,1246,Flower_01
C:\Users\au309263\Desktop\THUL-01_VIA\THUL-01_000428.JPG,3562,1769,3783,1988,Flower_02
C:\Users\au309263\Desktop\THUL-01_VIA\THUL-01_000428.JPG,3543,940,3733,1113,Flower_03
C:\Users\au309263\Desktop\THUL-01_VIA\THUL-01_000428.JPG,2924,1094,3043,1240,Flower_04
C:\Users\au309263\Desktop\THUL-01_VIA\THUL-01_000435.JPG,3884,941,4134,1187,Flower_01
C:\Users\au309263\Desktop\THUL-01_VIA\THUL-01_000435.JPG,3577,1710,3821,1943,Flower_02
C:\Users\au309263\Desktop\THUL-01_VIA\THUL-01_000435.JPG,3596,898,3797,1099,Flower_03
C:\Users\au309263\Desktop\THUL-01_VIA\THUL-01_000435.JPG,2882,1040,3052,1226,Flower_04
C:\Users\au309263\Desktop\THUL-01_VIA\THUL-01_000435.JPG,2687,1278,2814,1420,Flower_05
C:\Users\au309263\Desktop\THUL-01_VIA\THUL-01_000452.JPG,3845,957,4110,1188,Flower_01
C:\Users\au309263\Desktop\THUL-01_VIA\THUL-01_000452.JPG,3467,1712,3711,1945,Flower_02
C:\Users\au309263\Desktop\THUL-01_VIA\THUL-01_000452.JPG,3516,898,3743,1111,Flower_03
C:\Users\au309263\Desktop\THUL-01_VIA\THUL-01_000452.JPG,2840,1042,3032,1227,Flower_04
C:\Users\au309263\Desktop\THUL-01_VIA\THUL-01_000452.JPG,2620,1232,2799,1417,Flower_05
C:\Users\au309263\Desktop\THUL-01_VIA\THUL-01_000452.JPG,3439,1546,3560,1690,Flower_06
C:\Users\au309263\Desktop\THUL-01_VIA\THUL-01_000471.JPG,3914,1178,4153,1358,Flower_01
C:\Users\au309263\Desktop\THUL-01_VIA\THUL-01_000471.JPG,3589,1915,3833,2113,Flower_02
C:\Users\au309263\Desktop\THUL-01_VIA\THUL-01_000471.JPG,3571,1135,3821,1359,Flower_03
C:\Users\au309263\Desktop\THUL-01_VIA\THUL-01_000471.JPG,2899,1254,3144,1471,Flower_04
C:\Users\au309263\Desktop\THUL-01_VIA\THUL-01_000471.JPG,2602,1454,2846,1659,Flower_05
C:\Users\au309263\Desktop\THUL-01_VIA\THUL-01_000471.JPG,3526,1643,3710,1851,Flower_06
C:\Users\au309263\Desktop\THUL-01_VIA\THUL-01_000476.JPG,3918,1052,4158,1258,Flower_01
C:\Users\au309263\Desktop\THUL-01_VIA\THUL-01_000476.JPG,3607,1798,3859,2044,Flower_02
C:\Users\au309263\Desktop\THUL-01_VIA\THUL-01_000476.JPG,3622,967,3872,1217,Flower_03
C:\Users\au309263\Desktop\THUL-01_VIA\THUL-01_000476.JPG,2847,1054,3092,1271,Flower_04
C:\Users\au309263\Desktop\THUL-01_VIA\THUL-01_000476.JPG,2581,1314,2825,1519,Flower_05
C:\Users\au309263\Desktop\THUL-01_VIA\THUL-01_000476.JPG,3511,1518,3695,1726,Flower_06
C:\Users\au309263\Desktop\THUL-01_VIA\THUL-01_000481.JPG,3901,975,4145,1181,Flower_01
C:\Users\au309263\Desktop\THUL-01_VIA\THUL-01_000481.JPG,3520,1651,3760,1911,Flower_02
C:\Users\au309263\Desktop\THUL-01_VIA\THUL-01_000481.JPG,3557,850,3815,1088,Flower_03
C:\Users\au309263\Desktop\THUL-01_VIA\THUL-01_000481.JPG,2811,942,3057,1130,Flower_04
C:\Users\au309263\Desktop\THUL-01_VIA\THUL-01_000481.JPG,2555,1167,2784,1369,Flower_05
C:\Users\au309263\Desktop\THUL-01_VIA\THUL-01_000481.JPG,3439,1467,3643,1642,Flower_06
C:\Users\au309263\Desktop\THUL-01_VIA\THUL-01_000499.JPG,3546,1877,3832,2096,Flower_02
C:\Users\au309263\Desktop\THUL-01_VIA\THUL-01_000499.JPG,3543,946,3807,1226,Flower_03
C:\Users\au309263\Desktop\THUL-01_VIA\THUL-01_000499.JPG,2760,1115,2971,1353,Flower_04
C:\Users\au309263\Desktop\THUL-01_VIA\THUL-01_000499.JPG,2580,1364,2824,1581,Flower_05
C:\Users\au309263\Desktop\THUL-01_VIA\THUL-01_000499.JPG,3460,1533,3669,1741,Flower_06
C:\Users\au309263\Desktop\THUL-01_VIA\THUL-01_000502.JPG,3517,1894,3789,2108,Flower_02
C:\Users\au309263\Desktop\THUL-01_VIA\THUL-01_000502.JPG,3532,1044,3795,1289,Flower_03
C:\Users\au309263\Desktop\THUL-01_VIA\THUL-01_000502.JPG,2808,1259,3053,1476,Flower_04
C:\Users\au309263\Desktop\THUL-01_VIA\THUL-01_000502.JPG,2600,1412,2844,1617,Flower_05
C:\Users\au309263\Desktop\THUL-01_VIA\THUL-01_000502.JPG,3465,1613,3668,1843,Flower_06
C:\Users\au309263\Desktop\THUL-01_VIA\THUL-01_000513.JPG,3502,1661,3774,1920,Flower_02
C:\Users\au309263\Desktop\THUL-01_VIA\THUL-01_000513.JPG,3554,814,3835,1045,Flower_03
C:\Users\au309263\Desktop\THUL-01_VIA\THUL-01_000513.JPG,2824,957,3057,1160,Flower_04
C:\Users\au309263\Desktop\THUL-01_VIA\THUL-01_000513.JPG,2559,1150,2795,1342,Flower_05
C:\Users\au309263\Desktop\THUL-01_VIA\THUL-01_000513.JPG,3462,1436,3673,1599,Flower_06
C:\Users\au309263\Desktop\THUL-01_VIA\THUL-01_000518.JPG,3502,1661,3774,1920,Flower_02
C:\Users\au309263\Desktop\THUL-01_VIA\THUL-01_000518.JPG,3554,814,3835,1045,Flower_03
C:\Users\au309263\Desktop\THUL-01_VIA\THUL-01_000518.JPG,2813,956,3056,1179,Flower_04
C:\Users\au309263\Desktop\THUL-01_VIA\THUL-01_000518.JPG,2558,1152,2793,1360,Flower_05
C:\Users\au309263\Desktop\THUL-01_VIA\THUL-01_000518.JPG,3462,1436,3673,1599,Flower_06
C:\Users\au309263\Desktop\THUL-01_VIA\THUL-01_000545.JPG,3295,1480,3526,1688,Flower_06
C:\Users\au309263\Desktop\THUL-01_VIA\THUL-01_000545.JPG,3455,1742,3730,2036,Flower_02
C:\Users\au309263\Desktop\THUL-01_VIA\THUL-01_000554.JPG,3468,1465,3683,1673,Flower_06
C:\Users\au309263\Desktop\THUL-01_VIA\THUL-01_000554.JPG,3495,1703,3770,1978,Flower_02
C:\Users\au309263\Desktop\THUL-01_VIA\THUL-01_000569.JPG,3352,1467,3583,1675,Flower_06
C:\Users\au309263\Desktop\THUL-01_VIA\THUL-01_000569.JPG,3464,1727,3739,2000,Flower_02
C:\Users\au309263\Desktop\THUL-01_VIA\THUL-01_000571.JPG,3335,1480,3566,1688,Flower_06
C:\Users\au309263\Desktop\THUL-01_VIA\THUL-01_000571.JPG,3449,1720,3703,1991,Flower_02
C:\Users\au309263\Desktop\THUL-01_VIA\THUL-01_000573.JPG,3359,1484,3590,1692,Flower_06
C:\Users\au309263\Desktop\THUL-01_VIA\THUL-01_000573.JPG,3422,1723,3670,1994,Flower_02
C:\Users\au309263\Desktop\THUL-01_VIA\THUL-01_000575.JPG,3391,1461,3622,1669,Flower_06
C:\Users\au309263\Desktop\THUL-01_VIA\THUL-01_000575.JPG,3460,1720,3710,1981,Flower_02
C:\Users\au309263\Desktop\THUL-01_VIA\THUL-01_000589.JPG,3388,1502,3632,1731,Flower_06
C:\Users\au309263\Desktop\THUL-01_VIA\THUL-01_000589.JPG,3496,1733,3771,1996,Flower_02
C:\Users\au309263\Desktop\THUL-01_VIA\THUL-01_000590.JPG,3375,1498,3623,1723,Flower_06
C:\Users\au309263\Desktop\THUL-01_VIA\THUL-01_000590.JPG,3490,1729,3765,2004,Flower_02
C:\Users\au309263\Desktop\THUL-01_VIA\THUL-01_000592.JPG,3363,1487,3602,1695,Flower_06
C:\Users\au309263\Desktop\THUL-01_VIA\THUL-01_000592.JPG,3473,1742,3748,2011,Flower_02
C:\Users\au309263\Desktop\THUL-01_VIA\THUL-01_000610.JPG,3451,1478,3690,1686,Flower_06
C:\Users\au309263\Desktop\THUL-01_VIA\THUL-01_000610.JPG,3509,1732,3751,1974,Flower_02
C:\Users\au309263\Desktop\THUL-01_VIA\THUL-01_000411.JPG,3852,939,4127,1193,Flower_01
C:\Users\au309263\Desktop\THUL-01_VIA\THUL-01_000411.JPG,3598,969,3724,1110,Flower_03
C:\Users\au309263\Desktop\THUL-01_VIA\THUL-01_000411.JPG,3567,1732,3801,1945,Flower_02
C:\Users\au309263\Desktop\THUL-01_VIA\THUL-01_000431.JPG,2890,1088,3045,1247,Flower_04
C:\Users\au309263\Desktop\THUL-01_VIA\THUL-01_000431.JPG,3525,927,3739,1127,Flower_03
C:\Users\au309263\Desktop\THUL-01_VIA\THUL-01_000431.JPG,3794,934,4091,1189,Flower_01
C:\Users\au309263\Desktop\THUL-01_VIA\THUL-01_000431.JPG,3486,1739,3736,1969,Flower_02
C:\Users\au309263\Desktop\THUL-01_VIA\THUL-01_000440.JPG,3833,966,4118,1234,Flower_01
C:\Users\au309263\Desktop\THUL-01_VIA\THUL-01_000440.JPG,3540,920,3768,1150,Flower_03
C:\Users\au309263\Desktop\THUL-01_VIA\THUL-01_000440.JPG,2838,1041,3028,1241,Flower_04
C:\Users\au309263\Desktop\THUL-01_VIA\THUL-01_000440.JPG,2654,1266,2798,1422,Flower_05
C:\Users\au309263\Desktop\THUL-01_VIA\THUL-01_000440.JPG,3491,1754,3743,2004,Flower_02
C:\Users\au309263\Desktop\THUL-01_VIA\THUL-01_000444.JPG,2655,1256,2799,1419,Flower_05
C:\Users\au309263\Desktop\THUL-01_VIA\THUL-01_000444.JPG,2833,1030,3025,1238,Flower_04
C:\Users\au309263\Desktop\THUL-01_VIA\THUL-01_000444.JPG,3550,914,3784,1140,Flower_03
C:\Users\au309263\Desktop\THUL-01_VIA\THUL-01_000444.JPG,3864,965,4133,1229,Flower_01
C:\Users\au309263\Desktop\THUL-01_VIA\THUL-01_000444.JPG,3522,1742,3785,2003,Flower_02
C:\Users\au309263\Desktop\THUL-01_VIA\THUL-01_000455.JPG,2623,1210,2847,1405,Flower_05
C:\Users\au309263\Desktop\THUL-01_VIA\THUL-01_000455.JPG,2828,1025,3054,1234,Flower_04
C:\Users\au309263\Desktop\THUL-01_VIA\THUL-01_000455.JPG,3569,881,3804,1106,Flower_03
C:\Users\au309263\Desktop\THUL-01_VIA\THUL-01_000455.JPG,3843,941,4117,1175,Flower_01
C:\Users\au309263\Desktop\THUL-01_VIA\THUL-01_000455.JPG,3477,1538,3628,1702,Flower_06
C:\Users\au309263\Desktop\THUL-01_VIA\THUL-01_000455.JPG,3534,1695,3778,1942,Flower_02
C:\Users\au309263\Desktop\THUL-01_VIA\THUL-01_000460.JPG,2854,1002,3115,1234,Flower_04
C:\Users\au309263\Desktop\THUL-01_VIA\THUL-01_000460.JPG,2604,1204,2846,1417,Flower_05
C:\Users\au309263\Desktop\THUL-01_VIA\THUL-01_000460.JPG,3463,1496,3636,1686,Flower_06
C:\Users\au309263\Desktop\THUL-01_VIA\THUL-01_000460.JPG,3595,1705,3855,1955,Flower_02
C:\Users\au309263\Desktop\THUL-01_VIA\THUL-01_000460.JPG,3610,881,3844,1123,Flower_03
C:\Users\au309263\Desktop\THUL-01_VIA\THUL-01_000460.JPG,3880,931,4145,1165,Flower_01
C:\Users\au309263\Desktop\THUL-01_VIA\THUL-01_000463.JPG,3484,1784,3731,2025,Flower_02
C:\Users\au309263\Desktop\THUL-01_VIA\THUL-01_000463.JPG,3433,1519,3623,1704,Flower_06
C:\Users\au309263\Desktop\THUL-01_VIA\THUL-01_000463.JPG,3900,1019,4154,1261,Flower_01
C:\Users\au309263\Desktop\THUL-01_VIA\THUL-01_000463.JPG,3580,923,3834,1194,Flower_03
C:\Users\au309263\Desktop\THUL-01_VIA\THUL-01_000463.JPG,2791,1049,3032,1294,Flower_04
C:\Users\au309263\Desktop\THUL-01_VIA\THUL-01_000463.JPG,2607,1229,2853,1453,Flower_05
C:\Users\au309263\Desktop\THUL-01_VIA\THUL-01_000467.JPG,2613,1294,2856,1513,Flower_05
C:\Users\au309263\Desktop\THUL-01_VIA\THUL-01_000467.JPG,2834,1060,3082,1315,Flower_04
C:\Users\au309263\Desktop\THUL-01_VIA\THUL-01_000467.JPG,3578,938,3840,1201,Flower_03
C:\Users\au309263\Desktop\THUL-01_VIA\THUL-01_000467.JPG,3903,1025,4153,1272,Flower_01
C:\Users\au309263\Desktop\THUL-01_VIA\THUL-01_000467.JPG,3457,1508,3651,1701,Flower_06
C:\Users\au309263\Desktop\THUL-01_VIA\THUL-01_000467.JPG,3561,1801,3820,2043,Flower_02
C:\Users\au309263\Desktop\THUL-01_VIA\THUL-01_000474.JPG,2560,1297,2812,1531,Flower_05
C:\Users\au309263\Desktop\THUL-01_VIA\THUL-01_000474.JPG,2825,1065,3077,1318,Flower_04
C:\Users\au309263\Desktop\THUL-01_VIA\THUL-01_000474.JPG,3579,965,3852,1222,Flower_03
C:\Users\au309263\Desktop\THUL-01_VIA\THUL-01_000474.JPG,3909,1050,4165,1281,Flower_01
C:\Users\au309263\Desktop\THUL-01_VIA\THUL-01_000474.JPG,3501,1534,3697,1746,Flower_06
C:\Users\au309263\Desktop\THUL-01_VIA\THUL-01_000474.JPG,3570,1774,3831,2033,Flower_02
C:\Users\au309263\Desktop\THUL-01_VIA\THUL-01_000479.JPG,3612,838,3881,1089,Flower_03
C:\Users\au309263\Desktop\THUL-01_VIA\THUL-01_000479.JPG,3912,951,4168,1180,Flower_01
C:\Users\au309263\Desktop\THUL-01_VIA\THUL-01_000479.JPG,2835,963,3098,1177,Flower_04
C:\Users\au309263\Desktop\THUL-01_VIA\THUL-01_000479.JPG,2549,1158,2802,1367,Flower_05
C:\Users\au309263\Desktop\THUL-01_VIA\THUL-01_000479.JPG,3479,1450,3691,1641,Flower_06
C:\Users\au309263\Desktop\THUL-01_VIA\THUL-01_000479.JPG,3584,1630,3861,1883,Flower_02
C:\Users\au309263\Desktop\THUL-01_VIA\THUL-01_000501.JPG,2798,1277,3053,1507,Flower_04
C:\Users\au309263\Desktop\THUL-01_VIA\THUL-01_000501.JPG,2590,1435,2855,1650,Flower_05
C:\Users\au309263\Desktop\THUL-01_VIA\THUL-01_000501.JPG,3510,1105,3790,1358,Flower_03
C:\Users\au309263\Desktop\THUL-01_VIA\THUL-01_000501.JPG,3429,1648,3661,1895,Flower_06
C:\Users\au309263\Desktop\THUL-01_VIA\THUL-01_000501.JPG,3481,1922,3762,2144,Flower_02
C:\Users\au309263\Desktop\THUL-01_VIA\THUL-01_000511.JPG,3555,799,3844,1052,Flower_03
C:\Users\au309263\Desktop\THUL-01_VIA\THUL-01_000511.JPG,2801,953,3052,1177,Flower_04
C:\Users\au309263\Desktop\THUL-01_VIA\THUL-01_000511.JPG,2551,1139,2809,1353,Flower_05
C:\Users\au309263\Desktop\THUL-01_VIA\THUL-01_000511.JPG,3464,1435,3684,1608,Flower_06
C:\Users\au309263\Desktop\THUL-01_VIA\THUL-01_000511.JPG,3490,1663,3784,1939,Flower_02
C:\Users\au309263\Desktop\THUL-01_VIA\THUL-01_000539.JPG,3489,1468,3711,1691,Flower_06
C:\Users\au309263\Desktop\THUL-01_VIA\THUL-01_000539.JPG,3510,1678,3820,1978,Flower_02
C:\Users\au309263\Desktop\THUL-01_VIA\THUL-01_000541.JPG,3440,1458,3663,1672,Flower_06
C:\Users\au309263\Desktop\THUL-01_VIA\THUL-01_000541.JPG,3516,1698,3828,1987,Flower_02
C:\Users\au309263\Desktop\THUL-01_VIA\THUL-01_000548.JPG,3383,1459,3622,1679,Flower_06
C:\Users\au309263\Desktop\THUL-01_VIA\THUL-01_000548.JPG,3444,1732,3721,2013,Flower_02
C:\Users\au309263\Desktop\THUL-01_VIA\THUL-01_000553.JPG,3461,1456,3684,1670,Flower_06
C:\Users\au309263\Desktop\THUL-01_VIA\THUL-01_000553.JPG,3473,1700,3776,1981,Flower_02
C:\Users\au309263\Desktop\THUL-01_VIA\THUL-01_000557.JPG,3447,1468,3687,1691,Flower_06
C:\Users\au309263\Desktop\THUL-01_VIA\THUL-01_000557.JPG,3497,1704,3800,1986,Flower_02
C:\Users\au309263\Desktop\THUL-01_VIA\THUL-01_000568.JPG,3368,1471,3624,1694,Flower_06
C:\Users\au309263\Desktop\THUL-01_VIA\THUL-01_000568.JPG,3468,1743,3758,2024,Flower_02
C:\Users\au309263\Desktop\THUL-01_VIA\THUL-01_000572.JPG,3342,1474,3597,1696,Flower_06
C:\Users\au309263\Desktop\THUL-01_VIA\THUL-01_000572.JPG,3430,1696,3690,1980,Flower_02
C:\Users\au309263\Desktop\THUL-01_VIA\THUL-01_000583.JPG,3454,1491,3701,1734,Flower_06
C:\Users\au309263\Desktop\THUL-01_VIA\THUL-01_000583.JPG,3515,1721,3816,2002,Flower_02
C:\Users\au309263\Desktop\THUL-01_VIA\THUL-01_000585.JPG,3434,1498,3688,1748,Flower_06
C:\Users\au309263\Desktop\THUL-01_VIA\THUL-01_000585.JPG,3519,1719,3809,2001,Flower_02
C:\Users\au309263\Desktop\THUL-01_VIA\THUL-01_000586.JPG,3425,1502,3675,1749,Flower_06
C:\Users\au309263\Desktop\THUL-01_VIA\THUL-01_000586.JPG,3514,1725,3799,2004,Flower_02
C:\Users\au309263\Desktop\THUL-01_VIA\THUL-01_000594.JPG,3348,1496,3598,1714,Flower_06
C:\Users\au309263\Desktop\THUL-01_VIA\THUL-01_000594.JPG,3446,1738,3698,2002,Flower_02
C:\Users\au309263\Desktop\THUL-01_VIA\THUL-01_000617.JPG,3376,1480,3644,1698,Flower_06
C:\Users\au309263\Desktop\THUL-01_VIA\THUL-01_000617.JPG,3485,1727,3741,1953,Flower_02
C:\Users\au309263\Desktop\THUL-01_VIA\THUL-01_000621.JPG,3460,1541,3713,1807,Flower_06
C:\Users\au309263\Desktop\THUL-01_VIA\THUL-01_000621.JPG,3496,1776,3743,1989,Flower_02
C:\Users\au309263\Desktop\THUL-01_VIA\THUL-01_000407.JPG,3817,926,4094,1177,Flower_01
C:\Users\au309263\Desktop\THUL-01_VIA\THUL-01_000407.JPG,3525,1731,3735,1936,Flower_02
C:\Users\au309263\Desktop\THUL-01_VIA\THUL-01_000418.JPG,3553,940,3706,1120,Flower_03
C:\Users\au309263\Desktop\THUL-01_VIA\THUL-01_000418.JPG,3882,969,4137,1238,Flower_01
C:\Users\au309263\Desktop\THUL-01_VIA\THUL-01_000418.JPG,3544,1743,3782,1962,Flower_02
C:\Users\au309263\Desktop\THUL-01_VIA\THUL-01_000420.JPG,3546,940,3707,1121,Flower_03
C:\Users\au309263\Desktop\THUL-01_VIA\THUL-01_000420.JPG,3853,968,4127,1240,Flower_01
C:\Users\au309263\Desktop\THUL-01_VIA\THUL-01_000420.JPG,3546,1762,3789,1985,Flower_02
C:\Users\au309263\Desktop\THUL-01_VIA\THUL-01_000424.JPG,3526,948,3707,1126,Flower_03
C:\Users\au309263\Desktop\THUL-01_VIA\THUL-01_000424.JPG,3806,964,4094,1218,Flower_01
C:\Users\au309263\Desktop\THUL-01_VIA\THUL-01_000424.JPG,3487,1721,3713,1945,Flower_02
C:\Users\au309263\Desktop\THUL-01_VIA\THUL-01_000445.JPG,2652,1247,2800,1408,Flower_05
C:\Users\au309263\Desktop\THUL-01_VIA\THUL-01_000445.JPG,2836,1043,3021,1231,Flower_04
C:\Users\au309263\Desktop\THUL-01_VIA\THUL-01_000445.JPG,3560,921,3778,1137,Flower_03
C:\Users\au309263\Desktop\THUL-01_VIA\THUL-01_000445.JPG,3874,968,4138,1232,Flower_01
C:\Users\au309263\Desktop\THUL-01_VIA\THUL-01_000445.JPG,3515,1766,3766,2012,Flower_02
C:\Users\au309263\Desktop\THUL-01_VIA\THUL-01_000457.JPG,2574,1261,2804,1468,Flower_05
C:\Users\au309263\Desktop\THUL-01_VIA\THUL-01_000457.JPG,2809,1071,3042,1332,Flower_04
C:\Users\au309263\Desktop\THUL-01_VIA\THUL-01_000457.JPG,3532,918,3773,1157,Flower_03
C:\Users\au309263\Desktop\THUL-01_VIA\THUL-01_000457.JPG,3874,1007,4125,1248,Flower_01
C:\Users\au309263\Desktop\THUL-01_VIA\THUL-01_000457.JPG,3444,1533,3617,1695,Flower_06
C:\Users\au309263\Desktop\THUL-01_VIA\THUL-01_000457.JPG,3530,1779,3773,2015,Flower_02
C:\Users\au309263\Desktop\THUL-01_VIA\THUL-01_000468.JPG,2614,1396,2850,1601,Flower_05
C:\Users\au309263\Desktop\THUL-01_VIA\THUL-01_000468.JPG,2880,1187,3133,1420,Flower_04
C:\Users\au309263\Desktop\THUL-01_VIA\THUL-01_000468.JPG,3576,1054,3834,1300,Flower_03
C:\Users\au309263\Desktop\THUL-01_VIA\THUL-01_000468.JPG,3909,1116,4145,1318,Flower_01
C:\Users\au309263\Desktop\THUL-01_VIA\THUL-01_000468.JPG,3496,1568,3679,1767,Flower_06
C:\Users\au309263\Desktop\THUL-01_VIA\THUL-01_000468.JPG,3570,1883,3816,2102,Flower_02
C:\Users\au309263\Desktop\THUL-01_VIA\THUL-01_000478.JPG,2552,1172,2798,1379,Flower_05
C:\Users\au309263\Desktop\THUL-01_VIA\THUL-01_000478.JPG,2831,973,3080,1183,Flower_04
C:\Users\au309263\Desktop\THUL-01_VIA\THUL-01_000478.JPG,3615,857,3871,1100,Flower_03
C:\Users\au309263\Desktop\THUL-01_VIA\THUL-01_000478.JPG,3918,966,4170,1184,Flower_01
C:\Users\au309263\Desktop\THUL-01_VIA\THUL-01_000478.JPG,3491,1470,3691,1653,Flower_06
C:\Users\au309263\Desktop\THUL-01_VIA\THUL-01_000478.JPG,3592,1652,3855,1907,Flower_02
C:\Users\au309263\Desktop\THUL-01_VIA\THUL-01_000483.JPG,2544,1159,2788,1362,Flower_05
C:\Users\au309263\Desktop\THUL-01_VIA\THUL-01_000483.JPG,2790,931,3028,1152,Flower_04
C:\Users\au309263\Desktop\THUL-01_VIA\THUL-01_000483.JPG,3546,827,3820,1060,Flower_03
C:\Users\au309263\Desktop\THUL-01_VIA\THUL-01_000483.JPG,3903,971,4161,1191,Flower_01
C:\Users\au309263\Desktop\THUL-01_VIA\THUL-01_000483.JPG,3444,1455,3650,1618,Flower_06
C:\Users\au309263\Desktop\THUL-01_VIA\THUL-01_000483.JPG,3480,1637,3749,1899,Flower_02
C:\Users\au309263\Desktop\THUL-01_VIA\THUL-01_000496.JPG,2742,1056,2936,1298,Flower_04
C:\Users\au309263\Desktop\THUL-01_VIA\THUL-01_000496.JPG,2521,1238,2771,1475,Flower_05
C:\Users\au309263\Desktop\THUL-01_VIA\THUL-01_000496.JPG,3518,830,3800,1064,Flower_03
C:\Users\au309263\Desktop\THUL-01_VIA\THUL-01_000496.JPG,3436,1467,3661,1645,Flower_06
C:\Users\au309263\Desktop\THUL-01_VIA\THUL-01_000496.JPG,3513,1800,3815,2071,Flower_02
C:\Users\au309263\Desktop\THUL-01_VIA\THUL-01_000526.JPG,2549,1154,2800,1375,Flower_05
C:\Users\au309263\Desktop\THUL-01_VIA\THUL-01_000526.JPG,2803,931,3052,1145,Flower_04
C:\Users\au309263\Desktop\THUL-01_VIA\THUL-01_000526.JPG,3600,804,3878,1062,Flower_03
C:\Users\au309263\Desktop\THUL-01_VIA\THUL-01_000526.JPG,3417,1462,3637,1658,Flower_06
C:\Users\au309263\Desktop\THUL-01_VIA\THUL-01_000526.JPG,3519,1677,3812,1953,Flower_02
C:\Users\au309263\Desktop\THUL-01_VIA\THUL-01_000528.JPG,3424,1451,3642,1654,Flower_06
C:\Users\au309263\Desktop\THUL-01_VIA\THUL-01_000528.JPG,3537,1657,3834,1934,Flower_02
C:\Users\au309263\Desktop\THUL-01_VIA\THUL-01_000528.JPG,3595,803,3878,1072,Flower_03
C:\Users\au309263\Desktop\THUL-01_VIA\THUL-01_000528.JPG,2801,914,3047,1135,Flower_04
C:\Users\au309263\Desktop\THUL-01_VIA\THUL-01_000528.JPG,2556,1143,2804,1370,Flower_05
C:\Users\au309263\Desktop\THUL-01_VIA\THUL-01_000531.JPG,3576,819,3857,1091,Flower_03
C:\Users\au309263\Desktop\THUL-01_VIA\THUL-01_000531.JPG,2796,912,3046,1131,Flower_04
C:\Users\au309263\Desktop\THUL-01_VIA\THUL-01_000531.JPG,2548,1149,2798,1380,Flower_05
C:\Users\au309263\Desktop\THUL-01_VIA\THUL-01_000531.JPG,3427,1455,3644,1668,Flower_06
C:\Users\au309263\Desktop\THUL-01_VIA\THUL-01_000531.JPG,3512,1668,3817,1964,Flower_02
C:\Users\au309263\Desktop\THUL-01_VIA\THUL-01_000536.JPG,3492,1469,3707,1678,Flower_06
C:\Users\au309263\Desktop\THUL-01_VIA\THUL-01_000536.JPG,3504,1680,3806,1971,Flower_02
C:\Users\au309263\Desktop\THUL-01_VIA\THUL-01_000538.JPG,3496,1469,3710,1686,Flower_06
C:\Users\au309263\Desktop\THUL-01_VIA\THUL-01_000538.JPG,3513,1677,3821,1976,Flower_02
C:\Users\au309263\Desktop\THUL-01_VIA\THUL-01_000543.JPG,3349,1454,3592,1659,Flower_06
C:\Users\au309263\Desktop\THUL-01_VIA\THUL-01_000543.JPG,3508,1705,3814,1993,Flower_02
C:\Users\au309263\Desktop\THUL-01_VIA\THUL-01_000564.JPG,3429,1481,3672,1718,Flower_06
C:\Users\au309263\Desktop\THUL-01_VIA\THUL-01_000564.JPG,3486,1729,3789,2011,Flower_02
C:\Users\au309263\Desktop\THUL-01_VIA\THUL-01_000567.JPG,3412,1481,3663,1706,Flower_06
C:\Users\au309263\Desktop\THUL-01_VIA\THUL-01_000567.JPG,3476,1733,3770,2015,Flower_02
C:\Users\au309263\Desktop\THUL-01_VIA\THUL-01_000576.JPG,3407,1448,3653,1656,Flower_06
C:\Users\au309263\Desktop\THUL-01_VIA\THUL-01_000576.JPG,3469,1710,3745,1987,Flower_02
C:\Users\au309263\Desktop\THUL-01_VIA\THUL-01_000577.JPG,3419,1461,3672,1668,Flower_06
C:\Users\au309263\Desktop\THUL-01_VIA\THUL-01_000577.JPG,3476,1720,3761,1994,Flower_02
C:\Users\au309263\Desktop\THUL-01_VIA\THUL-01_000599.JPG,3403,1459,3668,1671,Flower_06
C:\Users\au309263\Desktop\THUL-01_VIA\THUL-01_000599.JPG,3467,1715,3726,1969,Flower_02
C:\Users\au309263\Desktop\THUL-01_VIA\THUL-01_000602.JPG,3397,1474,3656,1711,Flower_06
C:\Users\au309263\Desktop\THUL-01_VIA\THUL-01_000602.JPG,3486,1686,3747,1974,Flower_02
C:\Users\au309263\Desktop\THUL-01_VIA\THUL-01_000608.JPG,3442,1469,3705,1682,Flower_06
C:\Users\au309263\Desktop\THUL-01_VIA\THUL-01_000608.JPG,3498,1727,3761,1973,Flower_02
C:\Users\au309263\Desktop\THUL-01_VIA\THUL-01_000609.JPG,3449,1468,3705,1683,Flower_06
C:\Users\au309263\Desktop\THUL-01_VIA\THUL-01_000609.JPG,3500,1730,3758,1972,Flower_02
C:\Users\au309263\Desktop\THUL-01_VIA\THUL-01_000613.JPG,3428,1475,3688,1696,Flower_06
C:\Users\au309263\Desktop\THUL-01_VIA\THUL-01_000613.JPG,3498,1720,3747,1964,Flower_02
C:\Users\au309263\Desktop\THUL-01_VIA\THUL-01_000412.JPG,3860,965,4125,1214,Flower_01
C:\Users\au309263\Desktop\THUL-01_VIA\THUL-01_000412.JPG,3593,975,3717,1113,Flower_03
C:\Users\au309263\Desktop\THUL-01_VIA\THUL-01_000412.JPG,3543,1736,3772,1940,Flower_02
C:\Users\au309263\Desktop\THUL-01_VIA\THUL-01_000414.JPG,3524,1729,3755,1943,Flower_02
C:\Users\au309263\Desktop\THUL-01_VIA\THUL-01_000414.JPG,3880,980,4135,1241,Flower_01
C:\Users\au309263\Desktop\THUL-01_VIA\THUL-01_000414.JPG,3584,961,3732,1116,Flower_03
C:\Users\au309263\Desktop\THUL-01_VIA\THUL-01_000442.JPG,3839,965,4117,1220,Flower_01
C:\Users\au309263\Desktop\THUL-01_VIA\THUL-01_000442.JPG,3550,927,3766,1141,Flower_03
C:\Users\au309263\Desktop\THUL-01_VIA\THUL-01_000442.JPG,3509,1756,3755,1994,Flower_02
C:\Users\au309263\Desktop\THUL-01_VIA\THUL-01_000442.JPG,2835,1043,3018,1231,Flower_04
C:\Users\au309263\Desktop\THUL-01_VIA\THUL-01_000442.JPG,2658,1269,2789,1417,Flower_05
C:\Users\au309263\Desktop\THUL-01_VIA\THUL-01_000448.JPG,2611,1254,2775,1426,Flower_05
C:\Users\au309263\Desktop\THUL-01_VIA\THUL-01_000448.JPG,2824,1088,3012,1287,Flower_04
C:\Users\au309263\Desktop\THUL-01_VIA\THUL-01_000448.JPG,3450,1764,3705,2028,Flower_02
C:\Users\au309263\Desktop\THUL-01_VIA\THUL-01_000448.JPG,3822,966,4113,1232,Flower_01
C:\Users\au309263\Desktop\THUL-01_VIA\THUL-01_000448.JPG,3491,936,3725,1161,Flower_03
C:\Users\au309263\Desktop\THUL-01_VIA\THUL-01_000448.JPG,3423,1573,3567,1742,Flower_06
C:\Users\au309263\Desktop\THUL-01_VIA\THUL-01_000451.JPG,3411,1538,3516,1666,Flower_06
C:\Users\au309263\Desktop\THUL-01_VIA\THUL-01_000451.JPG,3464,1716,3695,1961,Flower_02
C:\Users\au309263\Desktop\THUL-01_VIA\THUL-01_000451.JPG,2598,1230,2779,1414,Flower_05
C:\Users\au309263\Desktop\THUL-01_VIA\THUL-01_000451.JPG,2823,1054,3021,1235,Flower_04
C:\Users\au309263\Desktop\THUL-01_VIA\THUL-01_000451.JPG,3504,897,3736,1116,Flower_03
C:\Users\au309263\Desktop\THUL-01_VIA\THUL-01_000451.JPG,3833,963,4115,1205,Flower_01
C:\Users\au309263\Desktop\THUL-01_VIA\THUL-01_000454.JPG,3843,950,4114,1183,Flower_01
C:\Users\au309263\Desktop\THUL-01_VIA\THUL-01_000454.JPG,3581,900,3801,1119,Flower_03
C:\Users\au309263\Desktop\THUL-01_VIA\THUL-01_000454.JPG,2837,1034,3050,1226,Flower_04
C:\Users\au309263\Desktop\THUL-01_VIA\THUL-01_000454.JPG,2629,1230,2839,1416,Flower_05
C:\Users\au309263\Desktop\THUL-01_VIA\THUL-01_000454.JPG,3456,1529,3594,1692,Flower_06
C:\Users\au309263\Desktop\THUL-01_VIA\THUL-01_000454.JPG,3543,1719,3780,1956,Flower_02
C:\Users\au309263\Desktop\THUL-01_VIA\THUL-01_000456.JPG,3521,927,3759,1169,Flower_03
C:\Users\au309263\Desktop\THUL-01_VIA\THUL-01_000456.JPG,3852,1020,4115,1262,Flower_01
C:\Users\au309263\Desktop\THUL-01_VIA\THUL-01_000456.JPG,2810,1066,3037,1311,Flower_04
C:\Users\au309263\Desktop\THUL-01_VIA\THUL-01_000456.JPG,2583,1247,2809,1443,Flower_05
C:\Users\au309263\Desktop\THUL-01_VIA\THUL-01_000456.JPG,3439,1552,3599,1706,Flower_06
C:\Users\au309263\Desktop\THUL-01_VIA\THUL-01_000456.JPG,3477,1792,3712,2020,Flower_02
C:\Users\au309263\Desktop\THUL-01_VIA\THUL-01_000459.JPG,2853,1002,3118,1243,Flower_04
C:\Users\au309263\Desktop\THUL-01_VIA\THUL-01_000459.JPG,2607,1212,2837,1421,Flower_05
C:\Users\au309263\Desktop\THUL-01_VIA\THUL-01_000459.JPG,3477,1496,3647,1670,Flower_06
C:\Users\au309263\Desktop\THUL-01_VIA\THUL-01_000459.JPG,3675,1699,3906,1939,Flower_02
C:\Users\au309263\Desktop\THUL-01_VIA\THUL-01_000459.JPG,3606,870,3842,1105,Flower_03
C:\Users\au309263\Desktop\THUL-01_VIA\THUL-01_000459.JPG,3887,924,4137,1153,Flower_01
C:\Users\au309263\Desktop\THUL-01_VIA\THUL-01_000465.JPG,3559,1002,3818,1257,Flower_03
C:\Users\au309263\Desktop\THUL-01_VIA\THUL-01_000465.JPG,3911,1093,4148,1304,Flower_01
C:\Users\au309263\Desktop\THUL-01_VIA\THUL-01_000465.JPG,3442,1553,3621,1733,Flower_06
C:\Users\au309263\Desktop\THUL-01_VIA\THUL-01_000465.JPG,2812,1119,3039,1363,Flower_04
C:\Users\au309263\Desktop\THUL-01_VIA\THUL-01_000465.JPG,2609,1301,2847,1527,Flower_05
C:\Users\au309263\Desktop\THUL-01_VIA\THUL-01_000465.JPG,3508,1854,3751,2075,Flower_02
C:\Users\au309263\Desktop\THUL-01_VIA\THUL-01_000489.JPG,3890,985,4155,1209,Flower_01
C:\Users\au309263\Desktop\THUL-01_VIA\THUL-01_000489.JPG,3505,836,3779,1082,Flower_03
C:\Users\au309263\Desktop\THUL-01_VIA\THUL-01_000489.JPG,2769,939,2995,1143,Flower_04
C:\Users\au309263\Desktop\THUL-01_VIA\THUL-01_000489.JPG,2531,1161,2775,1372,Flower_05
C:\Users\au309263\Desktop\THUL-01_VIA\THUL-01_000489.JPG,3452,1429,3652,1586,Flower_06
C:\Users\au309263\Desktop\THUL-01_VIA\THUL-01_000489.JPG,3466,1672,3742,1962,Flower_02
C:\Users\au309263\Desktop\THUL-01_VIA\THUL-01_000491.JPG,2762,931,3018,1134,Flower_04
C:\Users\au309263\Desktop\THUL-01_VIA\THUL-01_000491.JPG,3518,772,3803,923,Flower_03
C:\Users\au309263\Desktop\THUL-01_VIA\THUL-01_000491.JPG,3439,1431,3653,1588,Flower_06
C:\Users\au309263\Desktop\THUL-01_VIA\THUL-01_000491.JPG,2501,1128,2764,1314,Flower_05
C:\Users\au309263\Desktop\THUL-01_VIA\THUL-01_000491.JPG,3433,1696,3760,2004,Flower_02
C:\Users\au309263\Desktop\THUL-01_VIA\THUL-01_000492.JPG,3530,728,3807,911,Flower_03
C:\Users\au309263\Desktop\THUL-01_VIA\THUL-01_000492.JPG,2768,928,3012,1140,Flower_04
C:\Users\au309263\Desktop\THUL-01_VIA\THUL-01_000492.JPG,2511,1124,2774,1324,Flower_05
C:\Users\au309263\Desktop\THUL-01_VIA\THUL-01_000492.JPG,3433,1409,3647,1580,Flower_06
C:\Users\au309263\Desktop\THUL-01_VIA\THUL-01_000492.JPG,3428,1693,3734,1989,Flower_02
C:\Users\au309263\Desktop\THUL-01_VIA\THUL-01_000506.JPG,3542,867,3834,1130,Flower_03
C:\Users\au309263\Desktop\THUL-01_VIA\THUL-01_000506.JPG,2795,1040,3032,1274,Flower_04
C:\Users\au309263\Desktop\THUL-01_VIA\THUL-01_000506.JPG,2551,1182,2808,1409,Flower_05
C:\Users\au309263\Desktop\THUL-01_VIA\THUL-01_000506.JPG,3469,1457,3688,1658,Flower_06
C:\Users\au309263\Desktop\THUL-01_VIA\THUL-01_000506.JPG,3502,1715,3801,1993,Flower_02
C:\Users\au309263\Desktop\THUL-01_VIA\THUL-01_000507.JPG,3544,829,3827,1087,Flower_03
C:\Users\au309263\Desktop\THUL-01_VIA\THUL-01_000507.JPG,2803,972,3038,1199,Flower_04
C:\Users\au309263\Desktop\THUL-01_VIA\THUL-01_000507.JPG,2554,1165,2807,1381,Flower_05
C:\Users\au309263\Desktop\THUL-01_VIA\THUL-01_000507.JPG,3466,1446,3675,1632,Flower_06
C:\Users\au309263\Desktop\THUL-01_VIA\THUL-01_000507.JPG,3493,1692,3793,1974,Flower_02
C:\Users\au309263\Desktop\THUL-01_VIA\THUL-01_000514.JPG,2546,1146,2791,1344,Flower_05
C:\Users\au309263\Desktop\THUL-01_VIA\THUL-01_000514.JPG,2810,956,3054,1168,Flower_04
C:\Users\au309263\Desktop\THUL-01_VIA\THUL-01_000514.JPG,3459,1440,3670,1611,Flower_06
C:\Users\au309263\Desktop\THUL-01_VIA\THUL-01_000514.JPG,3488,1659,3771,1931,Flower_02
C:\Users\au309263\Desktop\THUL-01_VIA\THUL-01_000514.JPG,3544,812,3831,1049,Flower_03
C:\Users\au309263\Desktop\THUL-01_VIA\THUL-01_000529.JPG,2803,914,3046,1121,Flower_04
C:\Users\au309263\Desktop\THUL-01_VIA\THUL-01_000529.JPG,2559,1144,2805,1363,Flower_05
C:\Users\au309263\Desktop\THUL-01_VIA\THUL-01_000529.JPG,3427,1455,3643,1656,Flower_06
C:\Users\au309263\Desktop\THUL-01_VIA\THUL-01_000529.JPG,3538,1669,3827,1940,Flower_02
C:\Users\au309263\Desktop\THUL-01_VIA\THUL-01_000529.JPG,3585,808,3873,1077,Flower_03
C:\Users\au309263\Desktop\THUL-01_VIA\THUL-01_000558.JPG,3444,1471,3678,1688,Flower_06
C:\Users\au309263\Desktop\THUL-01_VIA\THUL-01_000558.JPG,3504,1702,3798,1988,Flower_02
C:\Users\au309263\Desktop\THUL-01_VIA\THUL-01_000560.JPG,3438,1483,3672,1708,Flower_06
C:\Users\au309263\Desktop\THUL-01_VIA\THUL-01_000560.JPG,3504,1714,3796,1998,Flower_02
C:\Users\au309263\Desktop\THUL-01_VIA\THUL-01_000588.JPG,3397,1502,3645,1742,Flower_06
C:\Users\au309263\Desktop\THUL-01_VIA\THUL-01_000588.JPG,3503,1729,3784,2002,Flower_02
C:\Users\au309263\Desktop\THUL-01_VIA\THUL-01_000598.JPG,3463,1726,3709,1966,Flower_02
C:\Users\au309263\Desktop\THUL-01_VIA\THUL-01_000598.JPG,3380,1458,3627,1653,Flower_06
C:\Users\au309263\Desktop\THUL-01_VIA\THUL-01_000603.JPG,3403,1472,3656,1688,Flower_06
C:\Users\au309263\Desktop\THUL-01_VIA\THUL-01_000603.JPG,3493,1727,3738,1977,Flower_02
C:\Users\au309263\Desktop\THUL-01_VIA\THUL-01_000611.JPG,3445,1476,3700,1682,Flower_06
C:\Users\au309263\Desktop\THUL-01_VIA\THUL-01_000611.JPG,3506,1726,3759,1963,Flower_02
C:\Users\au309263\Desktop\THUL-01_VIA\THUL-01_000619.JPG,3419,1470,3674,1673,Flower_06
C:\Users\au309263\Desktop\THUL-01_VIA\THUL-01_000619.JPG,3494,1736,3731,1957,Flower_02
C:\Users\au309263\Desktop\THUL-01_VIA\THUL-01_000622.JPG,3502,1787,3741,1990,Flower_02
C:\Users\au309263\Desktop\THUL-01_VIA\THUL-01_000622.JPG,3457,1542,3709,1812,Flower_06
C:\Users\au309263\Desktop\THUL-01_VIA\THUL-01_000624.JPG,3430,1566,3689,1838,Flower_06
C:\Users\au309263\Desktop\THUL-01_VIA\THUL-01_000624.JPG,3503,1799,3740,1994,Flower_02
C:\Users\au309263\Desktop\THUL-01_VIA\THUL-01_000416.JPG,3559,950,3727,1109,Flower_03
C:\Users\au309263\Desktop\THUL-01_VIA\THUL-01_000416.JPG,3883,967,4143,1249,Flower_01
C:\Users\au309263\Desktop\THUL-01_VIA\THUL-01_000416.JPG,3525,1723,3759,1960,Flower_02
C:\Users\au309263\Desktop\THUL-01_VIA\THUL-01_000441.JPG,2656,1274,2795,1424,Flower_05
C:\Users\au309263\Desktop\THUL-01_VIA\THUL-01_000441.JPG,2841,1051,3026,1233,Flower_04
C:\Users\au309263\Desktop\THUL-01_VIA\THUL-01_000441.JPG,3541,919,3764,1144,Flower_03
C:\Users\au309263\Desktop\THUL-01_VIA\THUL-01_000441.JPG,3833,957,4113,1218,Flower_01
C:\Users\au309263\Desktop\THUL-01_VIA\THUL-01_000441.JPG,3501,1757,3744,1988,Flower_02
C:\Users\au309263\Desktop\THUL-01_VIA\THUL-01_000443.JPG,2655,1263,2798,1421,Flower_05
C:\Users\au309263\Desktop\THUL-01_VIA\THUL-01_000443.JPG,2838,1040,3021,1231,Flower_04
C:\Users\au309263\Desktop\THUL-01_VIA\THUL-01_000443.JPG,3556,918,3772,1137,Flower_03
C:\Users\au309263\Desktop\THUL-01_VIA\THUL-01_000443.JPG,3855,967,4124,1231,Flower_01
C:\Users\au309263\Desktop\THUL-01_VIA\THUL-01_000443.JPG,3523,1756,3775,1994,Flower_02
C:\Users\au309263\Desktop\THUL-01_VIA\THUL-01_000446.JPG,2649,1252,2795,1409,Flower_05
C:\Users\au309263\Desktop\THUL-01_VIA\THUL-01_000446.JPG,2832,1036,3035,1236,Flower_04
C:\Users\au309263\Desktop\THUL-01_VIA\THUL-01_000446.JPG,3552,920,3774,1145,Flower_03
C:\Users\au309263\Desktop\THUL-01_VIA\THUL-01_000446.JPG,3875,967,4134,1224,Flower_01
C:\Users\au309263\Desktop\THUL-01_VIA\THUL-01_000446.JPG,3500,1787,3747,2017,Flower_02
C:\Users\au309263\Desktop\THUL-01_VIA\THUL-01_000447.JPG,2837,1054,3016,1245,Flower_04
C:\Users\au309263\Desktop\THUL-01_VIA\THUL-01_000447.JPG,2639,1248,2798,1422,Flower_05
C:\Users\au309263\Desktop\THUL-01_VIA\THUL-01_000447.JPG,3515,936,3738,1175,Flower_03
C:\Users\au309263\Desktop\THUL-01_VIA\THUL-01_000447.JPG,3856,968,4117,1222,Flower_01
C:\Users\au309263\Desktop\THUL-01_VIA\THUL-01_000447.JPG,3472,1791,3711,2028,Flower_02
C:\Users\au309263\Desktop\THUL-01_VIA\THUL-01_000450.JPG,3468,1720,3718,1967,Flower_02
C:\Users\au309263\Desktop\THUL-01_VIA\THUL-01_000450.JPG,2601,1226,2781,1405,Flower_05
C:\Users\au309263\Desktop\THUL-01_VIA\THUL-01_000450.JPG,2822,1050,3020,1246,Flower_04
C:\Users\au309263\Desktop\THUL-01_VIA\THUL-01_000450.JPG,3488,910,3732,1137,Flower_03
C:\Users\au309263\Desktop\THUL-01_VIA\THUL-01_000450.JPG,3817,966,4102,1220,Flower_01
C:\Users\au309263\Desktop\THUL-01_VIA\THUL-01_000450.JPG,3399,1526,3545,1675,Flower_06
C:\Users\au309263\Desktop\THUL-01_VIA\THUL-01_000461.JPG,3899,955,4149,1186,Flower_01
C:\Users\au309263\Desktop\THUL-01_VIA\THUL-01_000461.JPG,2611,1202,2855,1408,Flower_05
C:\Users\au309263\Desktop\THUL-01_VIA\THUL-01_000461.JPG,2846,1002,3105,1236,Flower_04
C:\Users\au309263\Desktop\THUL-01_VIA\THUL-01_000461.JPG,3616,881,3853,1133,Flower_03
C:\Users\au309263\Desktop\THUL-01_VIA\THUL-01_000461.JPG,3462,1501,3630,1678,Flower_06
C:\Users\au309263\Desktop\THUL-01_VIA\THUL-01_000461.JPG,3548,1719,3791,1965,Flower_02
C:\Users\au309263\Desktop\THUL-01_VIA\THUL-01_000480.JPG,2552,1156,2784,1362,Flower_05
C:\Users\au309263\Desktop\THUL-01_VIA\THUL-01_000480.JPG,2814,939,3058,1131,Flower_04
C:\Users\au309263\Desktop\THUL-01_VIA\THUL-01_000480.JPG,3593,841,3851,1077,Flower_03
C:\Users\au309263\Desktop\THUL-01_VIA\THUL-01_000480.JPG,3910,963,4165,1176,Flower_01
C:\Users\au309263\Desktop\THUL-01_VIA\THUL-01_000480.JPG,3454,1464,3663,1634,Flower_06
C:\Users\au309263\Desktop\THUL-01_VIA\THUL-01_000480.JPG,3557,1638,3820,1884,Flower_02
C:\Users\au309263\Desktop\THUL-01_VIA\THUL-01_000498.JPG,2741,1094,2939,1330,Flower_04
C:\Users\au309263\Desktop\THUL-01_VIA\THUL-01_000498.JPG,2533,1287,2789,1523,Flower_05
C:\Users\au309263\Desktop\THUL-01_VIA\THUL-01_000498.JPG,3421,1493,3647,1689,Flower_06
C:\Users\au309263\Desktop\THUL-01_VIA\THUL-01_000498.JPG,3492,1860,3774,2099,Flower_02
C:\Users\au309263\Desktop\THUL-01_VIA\THUL-01_000498.JPG,3501,894,3776,1160,Flower_03
C:\Users\au309263\Desktop\THUL-01_VIA\THUL-01_000500.JPG,2605,1459,2860,1659,Flower_05
C:\Users\au309263\Desktop\THUL-01_VIA\THUL-01_000500.JPG,2848,1285,3105,1504,Flower_04
C:\Users\au309263\Desktop\THUL-01_VIA\THUL-01_000500.JPG,3505,1605,3708,1851,Flower_06
C:\Users\au309263\Desktop\THUL-01_VIA\THUL-01_000500.JPG,3546,1909,3825,2124,Flower_02
C:\Users\au309263\Desktop\THUL-01_VIA\THUL-01_000500.JPG,3579,1106,3842,1341,Flower_03
C:\Users\au309263\Desktop\THUL-01_VIA\THUL-01_000509.JPG,2803,974,3047,1189,Flower_04
C:\Users\au309263\Desktop\THUL-01_VIA\THUL-01_000509.JPG,2546,1155,2798,1371,Flower_05
C:\Users\au309263\Desktop\THUL-01_VIA\THUL-01_000509.JPG,3458,1441,3672,1611,Flower_06
C:\Users\au309263\Desktop\THUL-01_VIA\THUL-01_000509.JPG,3491,1694,3775,1966,Flower_02
C:\Users\au309263\Desktop\THUL-01_VIA\THUL-01_000509.JPG,3540,838,3821,1087,Flower_03
C:\Users\au309263\Desktop\THUL-01_VIA\THUL-01_000515.JPG,2545,1147,2779,1348,Flower_05
C:\Users\au309263\Desktop\THUL-01_VIA\THUL-01_000515.JPG,2809,956,3058,1169,Flower_04
C:\Users\au309263\Desktop\THUL-01_VIA\THUL-01_000515.JPG,3543,806,3834,1056,Flower_03
C:\Users\au309263\Desktop\THUL-01_VIA\THUL-01_000515.JPG,3455,1442,3673,1611,Flower_06
C:\Users\au309263\Desktop\THUL-01_VIA\THUL-01_000515.JPG,3490,1653,3772,1926,Flower_02
C:\Users\au309263\Desktop\THUL-01_VIA\THUL-01_000527.JPG,3590,801,3869,1064,Flower_03
C:\Users\au309263\Desktop\THUL-01_VIA\THUL-01_000527.JPG,2800,927,3048,1147,Flower_04
C:\Users\au309263\Desktop\THUL-01_VIA\THUL-01_000527.JPG,2552,1151,2796,1378,Flower_05
C:\Users\au309263\Desktop\THUL-01_VIA\THUL-01_000527.JPG,3417,1456,3631,1658,Flower_06
C:\Users\au309263\Desktop\THUL-01_VIA\THUL-01_000527.JPG,3521,1675,3817,1951,Flower_02
C:\Users\au309263\Desktop\THUL-01_VIA\THUL-01_000532.JPG,2548,1157,2799,1381,Flower_05
C:\Users\au309263\Desktop\THUL-01_VIA\THUL-01_000532.JPG,2804,917,3042,1135,Flower_04
C:\Users\au309263\Desktop\THUL-01_VIA\THUL-01_000532.JPG,3572,823,3849,1104,Flower_03
C:\Users\au309263\Desktop\THUL-01_VIA\THUL-01_000532.JPG,3441,1470,3658,1687,Flower_06
C:\Users\au309263\Desktop\THUL-01_VIA\THUL-01_000532.JPG,3510,1678,3804,1962,Flower_02
C:\Users\au309263\Desktop\THUL-01_VIA\THUL-01_000544.JPG,3320,1467,3550,1672,Flower_06
C:\Users\au309263\Desktop\THUL-01_VIA\THUL-01_000544.JPG,3486,1727,3774,2015,Flower_02
C:\Users\au309263\Desktop\THUL-01_VIA\THUL-01_000547.JPG,3331,1473,3558,1691,Flower_06
C:\Users\au309263\Desktop\THUL-01_VIA\THUL-01_000547.JPG,3440,1750,3695,2022,Flower_02
C:\Users\au309263\Desktop\THUL-01_VIA\THUL-01_000552.JPG,3463,1461,3683,1660,Flower_06
C:\Users\au309263\Desktop\THUL-01_VIA\THUL-01_000552.JPG,3474,1698,3768,1982,Flower_02
C:\Users\au309263\Desktop\THUL-01_VIA\THUL-01_000555.JPG,3460,1469,3684,1684,Flower_06
C:\Users\au309263\Desktop\THUL-01_VIA\THUL-01_000555.JPG,3492,1705,3785,1981,Flower_02
C:\Users\au309263\Desktop\THUL-01_VIA\THUL-01_000559.JPG,3443,1478,3668,1699,Flower_06
C:\Users\au309263\Desktop\THUL-01_VIA\THUL-01_000559.JPG,3502,1714,3788,1995,Flower_02
C:\Users\au309263\Desktop\THUL-01_VIA\THUL-01_000578.JPG,3505,1719,3776,1983,Flower_02
C:\Users\au309263\Desktop\THUL-01_VIA\THUL-01_000578.JPG,3452,1470,3683,1664,Flower_06
C:\Users\au309263\Desktop\THUL-01_VIA\THUL-01_000584.JPG,3452,1500,3692,1732,Flower_06
C:\Users\au309263\Desktop\THUL-01_VIA\THUL-01_000584.JPG,3521,1727,3807,1994,Flower_02
C:\Users\au309263\Desktop\THUL-01_VIA\THUL-01_000587.JPG,3413,1508,3659,1746,Flower_06
C:\Users\au309263\Desktop\THUL-01_VIA\THUL-01_000587.JPG,3507,1725,3792,2002,Flower_02
C:\Users\au309263\Desktop\THUL-01_VIA\THUL-01_000600.JPG,3428,1478,3679,1705,Flower_06
C:\Users\au309263\Desktop\THUL-01_VIA\THUL-01_000600.JPG,3484,1711,3736,1974,Flower_02
C:\Users\au309263\Desktop\THUL-01_VIA\THUL-01_000604.JPG,3411,1471,3668,1677,Flower_06
C:\Users\au309263\Desktop\THUL-01_VIA\THUL-01_000604.JPG,3489,1731,3744,1973,Flower_02
C:\Users\au309263\Desktop\THUL-01_VIA\THUL-01_000615.JPG,3403,1479,3663,1700,Flower_06
C:\Users\au309263\Desktop\THUL-01_VIA\THUL-01_000615.JPG,3495,1728,3739,1957,Flower_02
C:\Users\au309263\Desktop\THUL-01_VIA\THUL-01_000413.JPG,3526,1734,3760,1957,Flower_02
C:\Users\au309263\Desktop\THUL-01_VIA\THUL-01_000413.JPG,3579,967,3730,1116,Flower_03
C:\Users\au309263\Desktop\THUL-01_VIA\THUL-01_000413.JPG,3857,970,4141,1241,Flower_01
C:\Users\au309263\Desktop\THUL-01_VIA\THUL-01_000419.JPG,3553,955,3699,1120,Flower_03
C:\Users\au309263\Desktop\THUL-01_VIA\THUL-01_000419.JPG,3872,995,4129,1264,Flower_01
C:\Users\au309263\Desktop\THUL-01_VIA\THUL-01_000419.JPG,3552,1767,3775,1985,Flower_02
C:\Users\au309263\Desktop\THUL-01_VIA\THUL-01_000436.JPG,2686,1278,2803,1415,Flower_05
C:\Users\au309263\Desktop\THUL-01_VIA\THUL-01_000436.JPG,2867,1045,3043,1219,Flower_04
C:\Users\au309263\Desktop\THUL-01_VIA\THUL-01_000436.JPG,3588,902,3793,1117,Flower_03
C:\Users\au309263\Desktop\THUL-01_VIA\THUL-01_000436.JPG,3890,949,4136,1206,Flower_01
C:\Users\au309263\Desktop\THUL-01_VIA\THUL-01_000436.JPG,3554,1731,3800,1968,Flower_02
C:\Users\au309263\Desktop\THUL-01_VIA\THUL-01_000439.JPG,2654,1259,2794,1402,Flower_05
C:\Users\au309263\Desktop\THUL-01_VIA\THUL-01_000439.JPG,2837,1050,3023,1241,Flower_04
C:\Users\au309263\Desktop\THUL-01_VIA\THUL-01_000439.JPG,3542,920,3765,1145,Flower_03
C:\Users\au309263\Desktop\THUL-01_VIA\THUL-01_000439.JPG,3838,958,4119,1234,Flower_01
C:\Users\au309263\Desktop\THUL-01_VIA\THUL-01_000439.JPG,3495,1752,3742,1998,Flower_02
C:\Users\au309263\Desktop\THUL-01_VIA\THUL-01_000449.JPG,2599,1242,2779,1421,Flower_05
C:\Users\au309263\Desktop\THUL-01_VIA\THUL-01_000449.JPG,2806,1057,3020,1259,Flower_04
C:\Users\au309263\Desktop\THUL-01_VIA\THUL-01_000449.JPG,3490,919,3731,1158,Flower_03
C:\Users\au309263\Desktop\THUL-01_VIA\THUL-01_000449.JPG,3820,959,4115,1233,Flower_01
C:\Users\au309263\Desktop\THUL-01_VIA\THUL-01_000449.JPG,3430,1578,3555,1709,Flower_06
C:\Users\au309263\Desktop\THUL-01_VIA\THUL-01_000449.JPG,3463,1731,3725,1990,Flower_02
C:\Users\au309263\Desktop\THUL-01_VIA\THUL-01_000462.JPG,2617,1214,2852,1433,Flower_05
C:\Users\au309263\Desktop\THUL-01_VIA\THUL-01_000462.JPG,2812,1026,3065,1272,Flower_04
C:\Users\au309263\Desktop\THUL-01_VIA\THUL-01_000462.JPG,3605,914,3845,1177,Flower_03
C:\Users\au309263\Desktop\THUL-01_VIA\THUL-01_000462.JPG,3902,983,4152,1220,Flower_01
C:\Users\au309263\Desktop\THUL-01_VIA\THUL-01_000462.JPG,3449,1509,3623,1692,Flower_06
C:\Users\au309263\Desktop\THUL-01_VIA\THUL-01_000462.JPG,3499,1769,3755,2008,Flower_02
C:\Users\au309263\Desktop\THUL-01_VIA\THUL-01_000482.JPG,3582,817,3851,1062,Flower_03
C:\Users\au309263\Desktop\THUL-01_VIA\THUL-01_000482.JPG,3909,961,4162,1182,Flower_01
C:\Users\au309263\Desktop\THUL-01_VIA\THUL-01_000482.JPG,3452,1457,3656,1631,Flower_06
C:\Users\au309263\Desktop\THUL-01_VIA\THUL-01_000482.JPG,3501,1627,3778,1882,Flower_02
C:\Users\au309263\Desktop\THUL-01_VIA\THUL-01_000482.JPG,2799,923,3042,1122,Flower_04
C:\Users\au309263\Desktop\THUL-01_VIA\THUL-01_000482.JPG,2545,1147,2792,1349,Flower_05
C:\Users\au309263\Desktop\THUL-01_VIA\THUL-01_000485.JPG,2535,1152,2786,1359,Flower_05
C:\Users\au309263\Desktop\THUL-01_VIA\THUL-01_000485.JPG,2767,928,3013,1134,Flower_04
C:\Users\au309263\Desktop\THUL-01_VIA\THUL-01_000485.JPG,3525,822,3806,1068,Flower_03
C:\Users\au309263\Desktop\THUL-01_VIA\THUL-01_000485.JPG,3897,962,4156,1197,Flower_01
C:\Users\au309263\Desktop\THUL-01_VIA\THUL-01_000485.JPG,3438,1438,3651,1593,Flower_06
C:\Users\au309263\Desktop\THUL-01_VIA\THUL-01_000485.JPG,3460,1637,3731,1908,Flower_02
C:\Users\au309263\Desktop\THUL-01_VIA\THUL-01_000487.JPG,2532,1157,2782,1377,Flower_05
C:\Users\au309263\Desktop\THUL-01_VIA\THUL-01_000487.JPG,2770,929,3003,1139,Flower_04
C:\Users\au309263\Desktop\THUL-01_VIA\THUL-01_000487.JPG,3494,831,3775,1081,Flower_03
C:\Users\au309263\Desktop\THUL-01_VIA\THUL-01_000487.JPG,3881,960,4145,1197,Flower_01
C:\Users\au309263\Desktop\THUL-01_VIA\THUL-01_000487.JPG,3441,1432,3650,1593,Flower_06
C:\Users\au309263\Desktop\THUL-01_VIA\THUL-01_000487.JPG,3444,1661,3719,1936,Flower_02
C:\Users\au309263\Desktop\THUL-01_VIA\THUL-01_000503.JPG,2791,1195,3030,1434,Flower_04
C:\Users\au309263\Desktop\THUL-01_VIA\THUL-01_000503.JPG,2582,1359,2827,1585,Flower_05
C:\Users\au309263\Desktop\THUL-01_VIA\THUL-01_000503.JPG,3447,1583,3664,1834,Flower_06
C:\Users\au309263\Desktop\THUL-01_VIA\THUL-01_000503.JPG,3519,1010,3803,1275,Flower_03
C:\Users\au309263\Desktop\THUL-01_VIA\THUL-01_000503.JPG,3499,1861,3785,2103,Flower_02
C:\Users\au309263\Desktop\THUL-01_VIA\THUL-01_000508.JPG,2552,1157,2805,1371,Flower_05
C:\Users\au309263\Desktop\THUL-01_VIA\THUL-01_000508.JPG,2798,970,3038,1193,Flower_04
C:\Users\au309263\Desktop\THUL-01_VIA\THUL-01_000508.JPG,3544,823,3837,1079,Flower_03
C:\Users\au309263\Desktop\THUL-01_VIA\THUL-01_000508.JPG,3456,1437,3677,1625,Flower_06
C:\Users\au309263\Desktop\THUL-01_VIA\THUL-01_000508.JPG,3493,1691,3783,1965,Flower_02
C:\Users\au309263\Desktop\THUL-01_VIA\THUL-01_000512.JPG,2795,945,3054,1171,Flower_04
C:\Users\au309263\Desktop\THUL-01_VIA\THUL-01_000512.JPG,2550,1136,2801,1336,Flower_05
C:\Users\au309263\Desktop\THUL-01_VIA\THUL-01_000512.JPG,3545,795,3839,1042,Flower_03
C:\Users\au309263\Desktop\THUL-01_VIA\THUL-01_000512.JPG,3457,1435,3676,1608,Flower_06
C:\Users\au309263\Desktop\THUL-01_VIA\THUL-01_000512.JPG,3489,1654,3783,1925,Flower_02
C:\Users\au309263\Desktop\THUL-01_VIA\THUL-01_000516.JPG,2804,945,3056,1175,Flower_04
C:\Users\au309263\Desktop\THUL-01_VIA\THUL-01_000516.JPG,2535,1143,2787,1345,Flower_05
C:\Users\au309263\Desktop\THUL-01_VIA\THUL-01_000516.JPG,3538,803,3826,1053,Flower_03
C:\Users\au309263\Desktop\THUL-01_VIA\THUL-01_000516.JPG,3450,1440,3671,1610,Flower_06
C:\Users\au309263\Desktop\THUL-01_VIA\THUL-01_000516.JPG,3484,1657,3782,1930,Flower_02
C:\Users\au309263\Desktop\THUL-01_VIA\THUL-01_000517.JPG,3540,804,3825,1055,Flower_03
C:\Users\au309263\Desktop\THUL-01_VIA\THUL-01_000517.JPG,2802,949,3056,1171,Flower_04
C:\Users\au309263\Desktop\THUL-01_VIA\THUL-01_000517.JPG,2533,1142,2782,1353,Flower_05
C:\Users\au309263\Desktop\THUL-01_VIA\THUL-01_000517.JPG,3459,1434,3668,1610,Flower_06
C:\Users\au309263\Desktop\THUL-01_VIA\THUL-01_000517.JPG,3490,1651,3780,1922,Flower_02
C:\Users\au309263\Desktop\THUL-01_VIA\THUL-01_000537.JPG,3494,1469,3703,1670,Flower_06
C:\Users\au309263\Desktop\THUL-01_VIA\THUL-01_000537.JPG,3507,1692,3809,1963,Flower_02
C:\Users\au309263\Desktop\THUL-01_VIA\THUL-01_000556.JPG,3455,1465,3680,1680,Flower_06
C:\Users\au309263\Desktop\THUL-01_VIA\THUL-01_000556.JPG,3494,1701,3795,1983,Flower_02
C:\Users\au309263\Desktop\THUL-01_VIA\THUL-01_000561.JPG,3427,1475,3673,1712,Flower_06
C:\Users\au309263\Desktop\THUL-01_VIA\THUL-01_000561.JPG,3488,1719,3803,2002,Flower_02
C:\Users\au309263\Desktop\THUL-01_VIA\THUL-01_000562.JPG,3437,1479,3676,1716,Flower_06
C:\Users\au309263\Desktop\THUL-01_VIA\THUL-01_000562.JPG,3491,1723,3793,2011,Flower_02
C:\Users\au309263\Desktop\THUL-01_VIA\THUL-01_000581.JPG,3462,1482,3706,1709,Flower_06
C:\Users\au309263\Desktop\THUL-01_VIA\THUL-01_000581.JPG,3516,1721,3808,1997,Flower_02
C:\Users\au309263\Desktop\THUL-01_VIA\THUL-01_000582.JPG,3469,1477,3710,1721,Flower_06
C:\Users\au309263\Desktop\THUL-01_VIA\THUL-01_000582.JPG,3516,1725,3809,1999,Flower_02
C:\Users\au309263\Desktop\THUL-01_VIA\THUL-01_000596.JPG,3299,1479,3577,1701,Flower_06
C:\Users\au309263\Desktop\THUL-01_VIA\THUL-01_000596.JPG,3435,1726,3685,1991,Flower_02
C:\Users\au309263\Desktop\THUL-01_VIA\THUL-01_000597.JPG,3327,1465,3580,1667,Flower_06
C:\Users\au309263\Desktop\THUL-01_VIA\THUL-01_000597.JPG,3441,1726,3685,1970,Flower_02
C:\Users\au309263\Desktop\THUL-01_VIA\THUL-01_000417.JPG,3544,1747,3775,1965,Flower_02
C:\Users\au309263\Desktop\THUL-01_VIA\THUL-01_000417.JPG,3562,949,3704,1115,Flower_03
C:\Users\au309263\Desktop\THUL-01_VIA\THUL-01_000417.JPG,3880,972,4133,1228,Flower_01
C:\Users\au309263\Desktop\THUL-01_VIA\THUL-01_000425.JPG,3531,916,3714,1100,Flower_03
C:\Users\au309263\Desktop\THUL-01_VIA\THUL-01_000425.JPG,3827,925,4100,1170,Flower_01
C:\Users\au309263\Desktop\THUL-01_VIA\THUL-01_000425.JPG,3505,1680,3721,1906,Flower_02
C:\Users\au309263\Desktop\THUL-01_VIA\THUL-01_000429.JPG,2912,1096,3040,1243,Flower_04
C:\Users\au309263\Desktop\THUL-01_VIA\THUL-01_000429.JPG,3542,950,3741,1140,Flower_03
C:\Users\au309263\Desktop\THUL-01_VIA\THUL-01_000429.JPG,3849,987,4114,1250,Flower_01
C:\Users\au309263\Desktop\THUL-01_VIA\THUL-01_000429.JPG,3542,1775,3772,1990,Flower_02
C:\Users\au309263\Desktop\THUL-01_VIA\THUL-01_000430.JPG,2908,1095,3048,1246,Flower_04
C:\Users\au309263\Desktop\THUL-01_VIA\THUL-01_000430.JPG,3526,944,3737,1143,Flower_03
C:\Users\au309263\Desktop\THUL-01_VIA\THUL-01_000430.JPG,3811,965,4096,1222,Flower_01
C:\Users\au309263\Desktop\THUL-01_VIA\THUL-01_000430.JPG,3499,1756,3730,1977,Flower_02
C:\Users\au309263\Desktop\THUL-01_VIA\THUL-01_000432.JPG,2883,1081,3045,1240,Flower_04
C:\Users\au309263\Desktop\THUL-01_VIA\THUL-01_000432.JPG,3556,896,3760,1084,Flower_03
C:\Users\au309263\Desktop\THUL-01_VIA\THUL-01_000432.JPG,3835,921,4101,1157,Flower_01
C:\Users\au309263\Desktop\THUL-01_VIA\THUL-01_000432.JPG,3527,1708,3755,1928,Flower_02
C:\Users\au309263\Desktop\THUL-01_VIA\THUL-01_000438.JPG,3497,1754,3730,1988,Flower_02
C:\Users\au309263\Desktop\THUL-01_VIA\THUL-01_000438.JPG,3552,918,3769,1139,Flower_03
C:\Users\au309263\Desktop\THUL-01_VIA\THUL-01_000438.JPG,3854,960,4122,1223,Flower_01
C:\Users\au309263\Desktop\THUL-01_VIA\THUL-01_000438.JPG,2851,1052,3026,1228,Flower_04
C:\Users\au309263\Desktop\THUL-01_VIA\THUL-01_000438.JPG,2667,1274,2788,1419,Flower_05
C:\Users\au309263\Desktop\THUL-01_VIA\THUL-01_000484.JPG,2534,1146,2767,1330,Flower_05
C:\Users\au309263\Desktop\THUL-01_VIA\THUL-01_000484.JPG,2788,934,3015,1123,Flower_04
C:\Users\au309263\Desktop\THUL-01_VIA\THUL-01_000484.JPG,3537,825,3806,1056,Flower_03
C:\Users\au309263\Desktop\THUL-01_VIA\THUL-01_000484.JPG,3902,969,4155,1187,Flower_01
C:\Users\au309263\Desktop\THUL-01_VIA\THUL-01_000484.JPG,3445,1444,3647,1597,Flower_06
C:\Users\au309263\Desktop\THUL-01_VIA\THUL-01_000484.JPG,3468,1640,3733,1902,Flower_02
C:\Users\au309263\Desktop\THUL-01_VIA\THUL-01_000519.JPG,2813,945,3046,1158,Flower_04
C:\Users\au309263\Desktop\THUL-01_VIA\THUL-01_000519.JPG,2534,1153,2770,1361,Flower_05
C:\Users\au309263\Desktop\THUL-01_VIA\THUL-01_000519.JPG,3455,1448,3663,1627,Flower_06
C:\Users\au309263\Desktop\THUL-01_VIA\THUL-01_000519.JPG,3493,1661,3784,1933,Flower_02
C:\Users\au309263\Desktop\THUL-01_VIA\THUL-01_000519.JPG,3544,814,3830,1063,Flower_03
C:\Users\au309263\Desktop\THUL-01_VIA\THUL-01_000520.JPG,2531,1156,2778,1364,Flower_05
C:\Users\au309263\Desktop\THUL-01_VIA\THUL-01_000520.JPG,2815,951,3046,1165,Flower_04
C:\Users\au309263\Desktop\THUL-01_VIA\THUL-01_000520.JPG,3447,1460,3658,1641,Flower_06
C:\Users\au309263\Desktop\THUL-01_VIA\THUL-01_000520.JPG,3501,1672,3783,1938,Flower_02
C:\Users\au309263\Desktop\THUL-01_VIA\THUL-01_000520.JPG,3552,822,3831,1074,Flower_03
C:\Users\au309263\Desktop\THUL-01_VIA\THUL-01_000523.JPG,2544,1153,2786,1370,Flower_05
C:\Users\au309263\Desktop\THUL-01_VIA\THUL-01_000523.JPG,2800,951,3039,1166,Flower_04
C:\Users\au309263\Desktop\THUL-01_VIA\THUL-01_000523.JPG,3562,827,3841,1081,Flower_03
C:\Users\au309263\Desktop\THUL-01_VIA\THUL-01_000523.JPG,3426,1469,3649,1663,Flower_06
C:\Users\au309263\Desktop\THUL-01_VIA\THUL-01_000523.JPG,3513,1672,3801,1943,Flower_02
C:\Users\au309263\Desktop\THUL-01_VIA\THUL-01_000524.JPG,2542,1154,2783,1372,Flower_05
C:\Users\au309263\Desktop\THUL-01_VIA\THUL-01_000524.JPG,2806,951,3043,1166,Flower_04
C:\Users\au309263\Desktop\THUL-01_VIA\THUL-01_000524.JPG,3570,832,3841,1083,Flower_03
C:\Users\au309263\Desktop\THUL-01_VIA\THUL-01_000524.JPG,3430,1468,3640,1668,Flower_06
C:\Users\au309263\Desktop\THUL-01_VIA\THUL-01_000524.JPG,3517,1682,3802,1950,Flower_02
C:\Users\au309263\Desktop\THUL-01_VIA\THUL-01_000533.JPG,2533,1157,2790,1386,Flower_05
C:\Users\au309263\Desktop\THUL-01_VIA\THUL-01_000533.JPG,2802,921,3045,1142,Flower_04
C:\Users\au309263\Desktop\THUL-01_VIA\THUL-01_000533.JPG,3553,822,3838,1103,Flower_03
C:\Users\au309263\Desktop\THUL-01_VIA\THUL-01_000533.JPG,3457,1465,3671,1676,Flower_06
C:\Users\au309263\Desktop\THUL-01_VIA\THUL-01_000533.JPG,3507,1679,3801,1965,Flower_02
C:\Users\au309263\Desktop\THUL-01_VIA\THUL-01_000535.JPG,3481,1467,3698,1682,Flower_06
C:\Users\au309263\Desktop\THUL-01_VIA\THUL-01_000535.JPG,3501,1681,3800,1968,Flower_02
C:\Users\au309263\Desktop\THUL-01_VIA\THUL-01_000540.JPG,3474,1470,3685,1684,Flower_06
C:\Users\au309263\Desktop\THUL-01_VIA\THUL-01_000540.JPG,3523,1687,3818,1976,Flower_02
C:\Users\au309263\Desktop\THUL-01_VIA\THUL-01_000542.JPG,3403,1454,3620,1660,Flower_06
C:\Users\au309263\Desktop\THUL-01_VIA\THUL-01_000542.JPG,3519,1702,3817,1980,Flower_02
C:\Users\au309263\Desktop\THUL-01_VIA\THUL-01_000565.JPG,3431,1484,3668,1712,Flower_06
C:\Users\au309263\Desktop\THUL-01_VIA\THUL-01_000565.JPG,3487,1736,3786,2021,Flower_02
C:\Users\au309263\Desktop\THUL-01_VIA\THUL-01_000570.JPG,3339,1465,3575,1677,Flower_06
C:\Users\au309263\Desktop\THUL-01_VIA\THUL-01_000570.JPG,3460,1721,3732,2004,Flower_02
C:\Users\au309263\Desktop\THUL-01_VIA\THUL-01_000595.JPG,3324,1491,3574,1715,Flower_06
C:\Users\au309263\Desktop\THUL-01_VIA\THUL-01_000595.JPG,3439,1736,3682,2000,Flower_02
C:\Users\au309263\Desktop\THUL-01_VIA\THUL-01_000601.JPG,3415,1472,3663,1722,Flower_06
C:\Users\au309263\Desktop\THUL-01_VIA\THUL-01_000601.JPG,3486,1717,3745,1966,Flower_02
C:\Users\au309263\Desktop\THUL-01_VIA\THUL-01_000605.JPG,3425,1467,3676,1670,Flower_06
C:\Users\au309263\Desktop\THUL-01_VIA\THUL-01_000605.JPG,3496,1733,3739,1975,Flower_02
C:\Users\au309263\Desktop\THUL-01_VIA\THUL-01_000607.JPG,3440,1468,3685,1675,Flower_06
C:\Users\au309263\Desktop\THUL-01_VIA\THUL-01_000607.JPG,3500,1732,3749,1972,Flower_02
C:\Users\au309263\Desktop\THUL-01_VIA\THUL-01_000612.JPG,3438,1480,3688,1694,Flower_06
C:\Users\au309263\Desktop\THUL-01_VIA\THUL-01_000612.JPG,3500,1729,3750,1962,Flower_02
C:\Users\au309263\Desktop\THUL-01_VIA\THUL-01_000434.JPG,2888,1055,3051,1238,Flower_04
C:\Users\au309263\Desktop\THUL-01_VIA\THUL-01_000434.JPG,2703,1277,2813,1419,Flower_05
C:\Users\au309263\Desktop\THUL-01_VIA\THUL-01_000434.JPG,3569,1687,3805,1911,Flower_02
C:\Users\au309263\Desktop\THUL-01_VIA\THUL-01_000434.JPG,3577,883,3787,1083,Flower_03
C:\Users\au309263\Desktop\THUL-01_VIA\THUL-01_000434.JPG,3870,928,4126,1166,Flower_01
C:\Users\au309263\Desktop\THUL-01_VIA\THUL-01_000453.JPG,3546,887,3769,1111,Flower_03
C:\Users\au309263\Desktop\THUL-01_VIA\THUL-01_000453.JPG,3851,950,4110,1184,Flower_01
C:\Users\au309263\Desktop\THUL-01_VIA\THUL-01_000453.JPG,3468,1516,3600,1666,Flower_06
C:\Users\au309263\Desktop\THUL-01_VIA\THUL-01_000453.JPG,3509,1704,3740,1950,Flower_02
C:\Users\au309263\Desktop\THUL-01_VIA\THUL-01_000453.JPG,2628,1225,2819,1420,Flower_05
C:\Users\au309263\Desktop\THUL-01_VIA\THUL-01_000453.JPG,2833,1038,3048,1229,Flower_04
C:\Users\au309263\Desktop\THUL-01_VIA\THUL-01_000469.JPG,2621,1473,2859,1670,Flower_05
C:\Users\au309263\Desktop\THUL-01_VIA\THUL-01_000469.JPG,2903,1285,3145,1500,Flower_04
C:\Users\au309263\Desktop\THUL-01_VIA\THUL-01_000469.JPG,3572,1155,3825,1380,Flower_03
C:\Users\au309263\Desktop\THUL-01_VIA\THUL-01_000469.JPG,3530,1651,3714,1850,Flower_06
C:\Users\au309263\Desktop\THUL-01_VIA\THUL-01_000469.JPG,3574,1934,3808,2133,Flower_02
C:\Users\au309263\Desktop\THUL-01_VIA\THUL-01_000469.JPG,3919,1183,4160,1412,Flower_01
C:\Users\au309263\Desktop\THUL-01_VIA\THUL-01_000470.JPG,2616,1466,2857,1668,Flower_05
C:\Users\au309263\Desktop\THUL-01_VIA\THUL-01_000470.JPG,2904,1267,3149,1489,Flower_04
C:\Users\au309263\Desktop\THUL-01_VIA\THUL-01_000470.JPG,3597,1140,3851,1376,Flower_03
C:\Users\au309263\Desktop\THUL-01_VIA\THUL-01_000470.JPG,3536,1648,3720,1855,Flower_06
C:\Users\au309263\Desktop\THUL-01_VIA\THUL-01_000470.JPG,3588,1917,3829,2123,Flower_02
C:\Users\au309263\Desktop\THUL-01_VIA\THUL-01_000470.JPG,3913,1159,4172,1402,Flower_01
C:\Users\au309263\Desktop\THUL-01_VIA\THUL-01_000477.JPG,2560,1184,2804,1398,Flower_05
C:\Users\au309263\Desktop\THUL-01_VIA\THUL-01_000477.JPG,2832,979,3075,1197,Flower_04
C:\Users\au309263\Desktop\THUL-01_VIA\THUL-01_000477.JPG,3623,868,3883,1117,Flower_03
C:\Users\au309263\Desktop\THUL-01_VIA\THUL-01_000477.JPG,3503,1481,3701,1660,Flower_06
C:\Users\au309263\Desktop\THUL-01_VIA\THUL-01_000477.JPG,3611,1675,3873,1921,Flower_02
C:\Users\au309263\Desktop\THUL-01_VIA\THUL-01_000477.JPG,3922,972,4174,1194,Flower_01
C:\Users\au309263\Desktop\THUL-01_VIA\THUL-01_000488.JPG,2537,1170,2781,1380,Flower_05
C:\Users\au309263\Desktop\THUL-01_VIA\THUL-01_000488.JPG,2772,937,3003,1150,Flower_04
C:\Users\au309263\Desktop\THUL-01_VIA\THUL-01_000488.JPG,3497,829,3776,1084,Flower_03
C:\Users\au309263\Desktop\THUL-01_VIA\THUL-01_000488.JPG,3451,1446,3653,1602,Flower_06
C:\Users\au309263\Desktop\THUL-01_VIA\THUL-01_000488.JPG,3457,1663,3729,1949,Flower_02
C:\Users\au309263\Desktop\THUL-01_VIA\THUL-01_000488.JPG,3883,963,4154,1204,Flower_01
C:\Users\au309263\Desktop\THUL-01_VIA\THUL-01_000490.JPG,2512,1151,2756,1355,Flower_05
C:\Users\au309263\Desktop\THUL-01_VIA\THUL-01_000490.JPG,2764,939,2995,1143,Flower_04
C:\Users\au309263\Desktop\THUL-01_VIA\THUL-01_000490.JPG,3510,810,3791,1036,Flower_03
C:\Users\au309263\Desktop\THUL-01_VIA\THUL-01_000490.JPG,3445,1435,3647,1591,Flower_06
C:\Users\au309263\Desktop\THUL-01_VIA\THUL-01_000490.JPG,3458,1701,3741,1990,Flower_02
C:\Users\au309263\Desktop\THUL-01_VIA\THUL-01_000490.JPG,3901,1000,4148,1218,Flower_01
C:\Users\au309263\Desktop\THUL-01_VIA\THUL-01_000495.JPG,2508,1211,2754,1439,Flower_05
C:\Users\au309263\Desktop\THUL-01_VIA\THUL-01_000495.JPG,2748,1051,2937,1295,Flower_04
C:\Users\au309263\Desktop\THUL-01_VIA\THUL-01_000495.JPG,3444,1462,3653,1621,Flower_06
C:\Users\au309263\Desktop\THUL-01_VIA\THUL-01_000495.JPG,3518,1814,3810,2066,Flower_02
C:\Users\au309263\Desktop\THUL-01_VIA\THUL-01_000495.JPG,3533,814,3811,1010,Flower_03
C:\Users\au309263\Desktop\THUL-01_VIA\THUL-01_000497.JPG,2532,1264,2774,1495,Flower_05
C:\Users\au309263\Desktop\THUL-01_VIA\THUL-01_000497.JPG,2744,1066,2935,1303,Flower_04
C:\Users\au309263\Desktop\THUL-01_VIA\THUL-01_000497.JPG,3516,853,3798,1106,Flower_03
C:\Users\au309263\Desktop\THUL-01_VIA\THUL-01_000497.JPG,3434,1477,3656,1653,Flower_06
C:\Users\au309263\Desktop\THUL-01_VIA\THUL-01_000497.JPG,3515,1836,3809,2081,Flower_02
C:\Users\au309263\Desktop\THUL-01_VIA\THUL-01_000504.JPG,2586,1330,2832,1555,Flower_05
C:\Users\au309263\Desktop\THUL-01_VIA\THUL-01_000504.JPG,2810,1155,3053,1393,Flower_04
C:\Users\au309263\Desktop\THUL-01_VIA\THUL-01_000504.JPG,3545,975,3811,1241,Flower_03
C:\Users\au309263\Desktop\THUL-01_VIA\THUL-01_000504.JPG,3465,1562,3671,1796,Flower_06
C:\Users\au309263\Desktop\THUL-01_VIA\THUL-01_000504.JPG,3513,1841,3793,2083,Flower_02
C:\Users\au309263\Desktop\THUL-01_VIA\THUL-01_000510.JPG,2557,1150,2797,1358,Flower_05
C:\Users\au309263\Desktop\THUL-01_VIA\THUL-01_000510.JPG,2806,968,3048,1179,Flower_04
C:\Users\au309263\Desktop\THUL-01_VIA\THUL-01_000510.JPG,3546,816,3829,1059,Flower_03
C:\Users\au309263\Desktop\THUL-01_VIA\THUL-01_000510.JPG,3458,1442,3678,1613,Flower_06
C:\Users\au309263\Desktop\THUL-01_VIA\THUL-01_000510.JPG,3491,1678,3773,1948,Flower_02
C:\Users\au309263\Desktop\THUL-01_VIA\THUL-01_000521.JPG,2540,1157,2769,1371,Flower_05
C:\Users\au309263\Desktop\THUL-01_VIA\THUL-01_000521.JPG,2811,953,3041,1162,Flower_04
C:\Users\au309263\Desktop\THUL-01_VIA\THUL-01_000521.JPG,3554,827,3826,1074,Flower_03
C:\Users\au309263\Desktop\THUL-01_VIA\THUL-01_000521.JPG,3439,1467,3651,1647,Flower_06
C:\Users\au309263\Desktop\THUL-01_VIA\THUL-01_000521.JPG,3509,1675,3786,1934,Flower_02
C:\Users\au309263\Desktop\THUL-01_VIA\THUL-01_000534.JPG,2800,933,3035,1151,Flower_04
C:\Users\au309263\Desktop\THUL-01_VIA\THUL-01_000534.JPG,2553,1156,2789,1380,Flower_05
C:\Users\au309263\Desktop\THUL-01_VIA\THUL-01_000534.JPG,3481,1475,3681,1680,Flower_06
C:\Users\au309263\Desktop\THUL-01_VIA\THUL-01_000534.JPG,3513,1689,3795,1962,Flower_02
C:\Users\au309263\Desktop\THUL-01_VIA\THUL-01_000534.JPG,3562,831,3829,1089,Flower_03
C:\Users\au309263\Desktop\THUL-01_VIA\THUL-01_000549.JPG,3443,1461,3658,1655,Flower_06
C:\Users\au309263\Desktop\THUL-01_VIA\THUL-01_000549.JPG,3459,1720,3724,1990,Flower_02
C:\Users\au309263\Desktop\THUL-01_VIA\THUL-01_000551.JPG,3441,1458,3658,1656,Flower_06
C:\Users\au309263\Desktop\THUL-01_VIA\THUL-01_000551.JPG,3457,1714,3708,1987,Flower_02
C:\Users\au309263\Desktop\THUL-01_VIA\THUL-01_000563.JPG,3440,1490,3669,1712,Flower_06
C:\Users\au309263\Desktop\THUL-01_VIA\THUL-01_000563.JPG,3499,1730,3784,2007,Flower_02
C:\Users\au309263\Desktop\THUL-01_VIA\THUL-01_000566.JPG,3429,1489,3665,1709,Flower_06
C:\Users\au309263\Desktop\THUL-01_VIA\THUL-01_000566.JPG,3487,1739,3777,2013,Flower_02
C:\Users\au309263\Desktop\THUL-01_VIA\THUL-01_000574.JPG,3392,1472,3631,1674,Flower_06
C:\Users\au309263\Desktop\THUL-01_VIA\THUL-01_000574.JPG,3446,1710,3691,1978,Flower_02
C:\Users\au309263\Desktop\THUL-01_VIA\THUL-01_000580.JPG,3474,1476,3698,1684,Flower_06
C:\Users\au309263\Desktop\THUL-01_VIA\THUL-01_000580.JPG,3519,1725,3797,1988,Flower_02
